sku,title,vendor,tab,categories,tags,price,images
15mm-combo-wrench,15mm Combo Wrench,IceToolz,Tools,Tools,"15mm, Accessories, Essential, Essentials, Safety Gear, Tool, Tools, Tools and Maintenance, Wheelsets and Accessories, Wrench",10.99,https://cdn.shopify.com/s/files/1/0923/8062/products/15mm-icetoolz-combo-wrench_1.jpeg?v=1438626126
4mm-5mm-6mm-y-wrench,4mm 5mm 6mm Y-Wrench,Cyclone,Tools,Tools,"Accessories, Essential, Essentials, Safety Gear, Tool, Tools, Tools and Maintenance, Wrench",3,https://cdn.shopify.com/s/files/1/0923/8062/products/y-wrench.jpeg?v=1438626125
adjustable-stem,Adjustable Stem,Pure Fix Cycles,Stem,Stem,"Adjustable, Alloy, Bars and Stems, Bars and Tape, Bars Tape Grips and Stems, Black, Parts, Stem, Stems",24,https://cdn.shopify.com/s/files/1/0923/8062/products/black_silver_1200.jpeg?v=1438626124
ass-savers,Ass Savers,Smart Ass,Fender,Fender,"Accessories, Accessory, Black, Blue, Clear, Essential, Essentials, Fenders and Chain Guards, Green, Grey, Orange, Pink, Red, Saddles and Seatposts, Seat, Weather, Wheelsets and Accessories, White, Yellow",14,https://cdn.shopify.com/s/files/1/0923/8062/products/ass-saver-web_0005_Ass_Saver_Black_FULL.jpeg?v=1438626119
pure-fix-bar-tape,Bar Tape,Pure Fix Cycles,Bar Tape,Bar Tape,"Bars and Tape, Bars Tape Grips and Stems, Black, Blue, Brown, Celeste, Glow, Glow In The Dark, Glow Series, Gold, Green, Grips and Tape, Handlebar Tape, Orange, Parts, Pink, Purple, Red, Tape, White, Yellow",12,https://cdn.shopify.com/s/files/1/0923/8062/products/SMT_2776_edit_1200.jpeg?v=1438626105
bmx-bars,Freestyle Riser Bars,Pure Fix Cycles,Handlebars,Handlebars,"Bars, Bars and Stems, Bars and Tape, Bars Tape Grips and Stems, FGFS, FGFS Accessories, FGFS Series, Handle Bars, Handlebars, Parts",14,https://cdn.shopify.com/s/files/1/0923/8062/products/bmx_bars.jpeg?v=1438626091
rear-brake-kit,Brake Kit,Pure Fix Cycles,Brake,Brake,"Alloy, Black, Brake Parts, Brakes, Essential, Essentials, Parts, Safety Gear",39,https://cdn.shopify.com/s/files/1/0923/8062/products/Tektro_Brake-Kit_Black_Front_WEB.jpeg?v=1438626087
brake-pad,Brake Pad,Pure Fix Cycles,Brake,Brake,"Black, Brake Pad, Brake Pads, Brakes, Parts, Safety Gear, White",4,https://cdn.shopify.com/s/files/1/0923/8062/products/brake-pad-all-web.jpeg?v=1438626083
bull-horn-bars,Bull Horn Bars,Pure Fix Cycles,Handlebars,Handlebars,"Alloy, Bars, Bars and Stems, Bars and Tape, Bars Tape Grips and Stems, Black, Gold, Handlebars, Parts, White",26,https://cdn.shopify.com/s/files/1/0923/8062/products/all-bullhorns-centered.jpeg?v=1438626079
chain-tensioners,Chain Tensioners,Pure Fix Cycles,Chain Tensioners,Chain Tensioners,"Alloy, Black, Drivetrain, Parts",2,https://cdn.shopify.com/s/files/1/0923/8062/products/screw-both.jpeg?v=1438626073
ray-jean,Club Ride Ray Jean,Club Ride Appparel,Apparel,Apparel,"Accessories, Apparel, Pants",129.99,https://cdn.shopify.com/s/files/1/0923/8062/products/jayjean1.jpeg?v=1438626070
roxbury-jersey,Club Ride Roxbury Jersey,Club Ride Appparel,Apparel,Apparel,"Accessories, Apparel, Shirt, Shirts",89.99,https://cdn.shopify.com/s/files/1/0923/8062/products/roxbury-charcoal.jpeg?v=1438626068
defender-bike-light,Defender Bike Light,Fortified,Light,Light,"Accessories, Alloy, Black, Essential, Essentials, Light, Lights, Pure Fix Cycles, Safety, Safety Gear",39,https://cdn.shopify.com/s/files/1/0923/8062/products/WEB_2048-Light_0002_Defender_Front_Angle_Black.jpeg?v=1438626062
diago-roadrace-pump,Diago Roadrace Pump,SKS,Pumps,Pumps,"Accessories, Black, Essential, Essentials, Presta Valve, Pump, Pumps, Safety Gear, Tool, Tools and Maintenance, Wheelsets and Accessories, White",20,https://cdn.shopify.com/s/files/1/0923/8062/products/diago-fixie-pump_1.jpeg?v=1438626055
fgfs-bmx-stem,Freestyle Stem,Pure Fix Cycles,Stem,Stem,"Alloy, Bars and Stems, Bars and Tape, Bars Tape Grips and Stems, Black, Blue, FGFS, FGFS Accessories, FGFS Series, Gold, Green, Parts, Red, Stems, White",7,https://cdn.shopify.com/s/files/1/0923/8062/products/all_1202.jpeg?v=1438626052
fgfs-brake-kit,FGFS Brake Kit,Pure Fix Cycles,Brake,Brake,"Black, Brake Parts, Brakes, FGFS, FGFS Accessories, FGFS Series, Parts, Safety Gear",22,https://cdn.shopify.com/s/files/1/0923/8062/products/brake_and_handle_web_1.jpeg?v=1438626048
fgfs-crankset,FGFS Crankset,Pure Fix Cycles,Cranks,Cranks,"Black, Crank, Cranks, Drivetrain, FGFS, FGFS Accessories, FGFS Series, Parts",49,https://cdn.shopify.com/s/files/1/0923/8062/products/fgfg-crank_1.jpeg?v=1438626046
finish-line-1-step-cleaner-lubricant,Finish Line 1-Step Cleaner & Lubricant,Finish Line,Tools,Tools,"Accessories, Essential, Essentials, Lube, Maintenance, Safety Gear, Tool, Tools, Tools and Maintenance",6.99,https://cdn.shopify.com/s/files/1/0923/8062/products/lube_1.jpeg?v=1438626045
fixed-gear-freestyle-frame-set,Fixed Gear Freestyle Frame Set,Pure Fix Cycles,Framesets,Framesets,"Accessories, Black, CrMo Framesets, FGFS, FGFS Accessories, FGFS Frame, FGFS Framesets, FGFS Series, Frames & Forks, Framesets, Grey, Parts",99,https://cdn.shopify.com/s/files/1/0923/8062/products/frame_trick_black_web_1.jpeg?v=1438626044
pure-fix-crankset,Fixie Crankset 44T,Pure Fix Cycles,Cranks,Cranks,"Alloy, Black, Cranks, Drivetrain, Gold, Green, Magenta, Orange, Parts, Red, White, Yellow",54,https://cdn.shopify.com/s/files/1/0923/8062/products/PFCrankset_Black_Top_WEB.jpeg?v=1438626037
fixie-crankset-48t,Fixie Crankset 48T,Pure Fix Cycles,Cranks,Cranks,"Alloy, Black, Cranks, Drivetrain, Gold, Parts, White",54,https://cdn.shopify.com/s/files/1/0923/8062/products/Fixie-Crank_3.jpeg?v=1438626027
fixie-stem,Fixie Stem,Pure Fix Cycles,Stem,Stem,"Bars and Stems, Bars and Tape, Bars Tape Grips and Stems, Black, Gold, Neco, Parts, Silver, Stem, Stems, White",20,https://cdn.shopify.com/s/files/1/0923/8062/products/Stem_Black_3RD_WEB.jpeg?v=1438626024
fixie-table,Fixie Table,Pure Fix Cycles,Furniture,Furniture,"50mm, 60mm, Accessories, Bicycles, Bike, College Fixie, Fixed Gear, Fixie, Pure Fix Cycles, Urban Fixie, Wheelsets",499,https://cdn.shopify.com/s/files/1/0923/8062/products/fixie_table4.jpeg?v=1438626020
flak-helmet,Flak Helmet,Giro,Helmet,Helmet,"Accessories, Black, Essential, Essentials, Helmet, Helmets, Safety, Safety Gear",40,https://cdn.shopify.com/s/files/1/0923/8062/products/giro-flak_1.png?v=1438626018
flat-bicycle-shelf,Flat Bicycle Shelf,Pure Fix Cycles,Bicycle Rack,Bicycle Rack,"Accessories, Rack, Shelf, Wood",99,https://cdn.shopify.com/s/files/1/0923/8062/products/flat_shelf_1.jpeg?v=1438626017
folding-hex-wrench-set-3-10mm,Folding Hex Wrench Set 3-10mm,Park Tool,Tools,Tools,"4mm, 5mm, 6mm, Accessories, Hex Wrench, Safety Gear, Tool, Tools, Tools and Maintenance, Wrench",12.99,https://cdn.shopify.com/s/files/1/0923/8062/products/park-tool-aws-12.jpeg?v=1438626016
fyxation-curve-saddle,Fyxation Curve Saddle,Fyxation,Saddle,Saddle,"Fyxation, Green, Parts, Saddle, Saddles, Saddles and Seatposts",15,https://cdn.shopify.com/s/files/1/0923/8062/products/curve-saddle-green_1.jpeg?v=1438626015
high-pressure-rim-tape,High Pressure Rim Tape,Pure Fix Cycles,Rim Tape,Rim Tape,"FGFS, FGFS Accessories, FGFS Series, Parts, Rim Tape, Tires and Tubes, Tools and Maintenance, Wheelsets and Accessories",0.99,https://cdn.shopify.com/s/files/1/0923/8062/products/rim_tape_2.jpeg?v=1438626014
kenda-tire-28c,Kenda Colored Tire 28C,Kenda,Tires,Tires,"700C, Black, Blue, Green, Kenda, Orange, Parts, Purple, Red, Tire, Tires, Tires and Tubes, Tools and Maintenance, Wheelsets and Accessories, White, Yellow",22,https://cdn.shopify.com/s/files/1/0923/8062/products/Tire_Yellow_3RD_WEB.jpeg?v=1438626010
kenda-kwest-tire-set,Kenda Kwest Tire 700C: 23C - 32C,Kenda,Tires,Tires,"700C, Black, Kenda, Parts, Tire, Tires, Tires and Tubes, Tools and Maintenance, Wheelsets and Accessories",22,https://cdn.shopify.com/s/files/1/0923/8062/products/kekks1-1.jpeg?v=1438626003
continental-tube,Conti Race Tube,Continental,Tube,Tube,"City Accessories, Essential, Essentials, FGFS, FGFS Accessories, FGFS Series, Micro, Micro Series, Parts, Presta Valve, Tires and Tubes, Tools and Maintenance, Tube, Tubes, Wheelsets and Accessories",11,https://cdn.shopify.com/s/files/1/0923/8062/products/Conti-race-tube-WEB.jpeg?v=1438626002
kmc-z410h-chain,KMC Z410H Chain,KMC,Chain,Chain,"Alloy, Black, Blue, Chain, Chains, Drivetrain, Gold, Green, Parts, Pink, White, Yellow",10,https://cdn.shopify.com/s/files/1/0923/8062/products/chain_1.jpeg?v=1438625994
kryptonite-keeper-12-u-lock,Kryptonite 12 U-Lock,Kryptonite,Lock,Lock,"Accessories, Essential, Essentials, Lock, Locks, Safety, Safety Gear, Tools and Maintenance",20,https://cdn.shopify.com/s/files/1/0923/8062/products/kryptonite_1.jpeg?v=1438625986
kryptonite-keeper-chain-lock,Kryptonite Keeper,Kryptonite,Lock,Lock,"Accessories, Essential, Essentials, Lock, Locks, Safety, Safety Gear",25,https://cdn.shopify.com/s/files/1/0923/8062/products/kryptonite_chain_lock_1.jpeg?v=1438625985
kryptonite-keeper-padlock,Kryptonite Keeper Padlock,Kryptonite,Lock,Lock,"Essential, Essentials, Lock, Locks, Safety",25,https://cdn.shopify.com/s/files/1/0923/8062/products/keeper-lock_1.png?v=1438625984
levis-511-slim-fit-commuter-shorts,Levi's Commuter 504 Regular Straight Shorts,Levi's,Apparel,Apparel,"Accessories, Apparel, Shorts",68,https://cdn.shopify.com/s/files/1/0923/8062/products/Men-short-blue-2_WEB.jpeg?v=1438625979
lezyne-sport-floor-pump,Lezyne Sport Floor Pump,Lezyne,Pumps,Pumps,"Accessories, Presta Valve, Pumps, Schrader valve, Tools and Maintenance",49.99,https://cdn.shopify.com/s/files/1/0923/8062/products/pumpmultibig.jpeg?v=1438625971
multicolor-pure-fix-bar-tape,Multicolor Bar Tape,Pure Fix Cycles,Bar Tape,Bar Tape,"Bars and Tape, Bars Tape Grips and Stems, Blue, Brown, Camo, Cream, Green, Grips and Tape, Handlebar Tape, Orange, Parts, Red, Tape, White, Yellow",12,https://cdn.shopify.com/s/files/1/0923/8062/products/camo_tape_0003_red_white_black.jpeg?v=1438625965
neco-bottom-bracket,Sealed Cartridge Bottom Bracket,Neco,Bottom Brackets,Bottom Brackets,"Bottom Bracket, Bottom Brackets, Drivetrain, Neco, Parts",20,https://cdn.shopify.com/s/files/1/0923/8062/products/Bottom-Bracket_68-x-110_Front_WEB.jpeg?v=1438625963
neco-head-set,Neco Head Set,Neco,Head Set,Head Set,"Headset, Headsets, Neco, Parts",8,https://cdn.shopify.com/s/files/1/0923/8062/products/head-set_1.jpeg?v=1438625961
oury-grip-set,Oury Grip Set,Oury,Grips,Grips,"Bars and Tape, Bars Tape Grips and Stems, Black, Blue, Glow, Glow In The Dark, Glow Series, Green, Grey, Grips, Grips and Tape, Orange, Parts, Purple, Red, White, Yellow",12,https://cdn.shopify.com/s/files/1/0923/8062/products/all_1_1200.jpeg?v=1438625960
pedros-trixie-multitool,Pedro's Trixie Multitool,Pedro's,Tools,Tools,"15mm, 5mm, Accessories, Essential, Essentials, Safety Gear, Tool, Tools, Tools and Maintenance",21.99,https://cdn.shopify.com/s/files/1/0923/8062/products/petrx2_2.jpeg?v=1438625959
pf-scooter,PF Scoot Scoot,Pure Fix Cycles,Scooter,Scooter,,599.99,https://cdn.shopify.com/s/files/1/0923/8062/products/scooterred_1.jpeg?v=1438625957
pista-bars,Pista Bars,Pure Fix Cycles,Handlebars,Handlebars,"Alloy, Bars, Bars and Stems, Bars and Tape, Bars Tape Grips and Stems, Black, Gold, Handle Bars, Handlebars, Parts, Pure Fix Cycles, White",26,https://cdn.shopify.com/s/files/1/0923/8062/products/PistaBar_Chrome_3RD_WEB.jpeg?v=1438625953
pure-fix-1940s-pullover,Pure Fix 1940's Pullover,Pure Fix Cycles,Apparel,Apparel,"1940S, Accessories, Apparel, Clothes, Grey, Shirts, Sweatshirt, Sweatshirts",40,https://cdn.shopify.com/s/files/1/0923/8062/products/raglan_1201.jpeg?v=1438625948
pure-fix-1940s-tee,Pure Fix 1940's Tee,Pure Fix Cycles,Apparel,Apparel,"1940S, Accessories, Apparel, Black, Clothes, Concrete, Grey, Shirt, Shirts",20,https://cdn.shopify.com/s/files/1/0923/8062/products/Tshirt_Pure-Fix_Black_Front_WEB.jpeg?v=1438625943
copy-of-pure-fix-1940s-zip-hoodie,Pure Fix 1940's Zip Hoodie,Pure Fix Cycles,Apparel,Apparel,"1940S, Accessories, Apparel, Black, Clothes, Sweatshirt, Sweatshirts",32,https://cdn.shopify.com/s/files/1/0923/8062/products/hoodie_1201.jpeg?v=1438625933
pure-fix-basic-tee,Pure Fix Wing Tee,Pure Fix Cycles,Apparel,Apparel,"Accessories, Apparel, Clothes, Grey, Shirt, Shirts",20,https://cdn.shopify.com/s/files/1/0923/8062/products/shirt_1.png?v=1438625925
pure-fix-drome-saddle,Pure Fix Drome Saddle,Pure Fix Cycles,Saddle,Saddle,"Black, Green, Grey, Light Blue, Orange, Parts, Red, Saddle, Saddles, Saddles and Seatposts, Seat, White, Yellow",20,https://cdn.shopify.com/s/files/1/0923/8062/products/pure-fix-drome-saddles_1.png?v=1438625917
pure-fix-drop-bars,Pure Fix Drop Bars,Pure Fix Cycles,Handlebars,Handlebars,"Alloy, Bars, Bars and Stems, Bars and Tape, Bars Tape Grips and Stems, Black, Gold, Handle Bars, Handlebars, Parts, White",26,https://cdn.shopify.com/s/files/1/0923/8062/products/drop_bars__0000_Gold.jpeg?v=1438625905
pure-fix-go-bag,Pure Fix Go Bag,Pure Fix Cycles,Apparel,Apparel,"Accessories, Apparel, Bag, Bags, Black",0.99,https://cdn.shopify.com/s/files/1/0923/8062/products/Bag-Front-WEB.jpeg?v=1438625899
pure-fix-head-tube-badge,Pure Fix Head Tube Badge,Pure Fix Cycles,Badge,Badge,"Accessories, Accessory, Badge, Black, Pure Fix",1.99,https://cdn.shopify.com/s/files/1/0923/8062/products/badge.jpeg?v=1438625896
pure-fix-chunk-platform-pedals,Pure Fix Platform Pedals,Pure Fix Cycles,Pedals,Pedals,"Alloy, Black, Blue, Parts, Pedals, Pedals and Straps, Platform Pedals, White, Yellow",22,https://cdn.shopify.com/s/files/1/0923/8062/products/PFPlatformPedals_DarkBlue_3RD_WEB.jpeg?v=1438625889
nightlight,Pure Fix Nightlights,Pure Fix Cycles,Light,Light,"Accessories, Black, Blue, Essential, Essentials, Fixie Light, Green, Light, Lights, Pure Fix Cycles, Red, Safety Gear, White",14,https://cdn.shopify.com/s/files/1/0923/8062/products/Nightlight_Black_3RD_WEB.jpeg?v=1438625876
pure-fix-pedals-with-cages,Pure Fix Pedals with Cages,Pure Fix Cycles,Pedals,Pedals,"Black, Parts, Pedals, Pedals and Straps, Pedals with Cages, Pro, Pro Series, Straps",22,https://cdn.shopify.com/s/files/1/0923/8062/products/pedals_1.jpeg?v=1438625869
pure-fix-pivotal-saddle,Pure Fix Pivotal Saddle,Pure Fix Cycles,Saddle,Saddle,"Black, FGFS, FGFS Accessories, FGFS Series, Grey, Parts, Red, Saddle, Saddles, Saddles and Seatposts, Seat, White",10,https://cdn.shopify.com/s/files/1/0923/8062/products/all_saddles_1201.jpeg?v=1438625865
pure-fix-pro-footstrap,Pure Fix Pro Footstrap,Pure Fix Cycles,Foot Straps,Foot Straps,"Accessories, Black, Essential, Essentials, Footstrap, Green, Light Blue, Orange, Pedals and Straps, Pink, Pro, Pro Series, Purple, Red, Straps, White, Yellow",20,https://cdn.shopify.com/s/files/1/0923/8062/products/PFC_85.jpeg?v=1438625854
pure-fix-race-jersey,Pure Fix Race Jersey,Pure Fix Cycles,Apparel,Apparel,"Accessories, Apparel, Blue, Jersey, Navy, Racing, Red, Shirt",59,https://cdn.shopify.com/s/files/1/0923/8062/products/Blue-Jersey-Front.jpeg?v=1438625842
pure-fix-riser-bars,Pure Fix Riser Bars,Pure Fix Cycles,Handlebars,Handlebars,"Alloy, Bars, Bars and Stems, Bars and Tape, Bars Tape Grips and Stems, Black, Gold, Handle Bars, Handlebars, Parts, White",18,https://cdn.shopify.com/s/files/1/0923/8062/products/Riser_Gold.jpeg?v=1438625835
pure-fix-sticker-pack,Pure Fix Sticker Pack,Pure Fix Cycles,Stickers,Stickers,"Accessories, Stickers",0.99,https://cdn.shopify.com/s/files/1/0923/8062/products/stickersweb_1.jpeg?v=1438625830
pure-fix-tribal-tee,Pure Fix Tribal Tee,Pure Fix Cycles,Apparel,Apparel,"Black, Clothes, Concrete, Grey, Mint, Shirt, Shirts, White",20,https://cdn.shopify.com/s/files/1/0923/8062/products/gray_shirt_black_wing_3.jpeg?v=1438625828
pure-fix-trucker-hat,Pure Fix Trucker Hat,Pure Fix Cycles,Apparel,Apparel,"Hat, Hats, Yellow",9.99,https://cdn.shopify.com/s/files/1/0923/8062/products/long-beach-trucker-hat_1.jpeg?v=1438625823
pure-fix-urban-saddle,Pure Fix Urban Saddle,Pure Fix Cycles,Saddle,Saddle,"Black, Parts, Red, Saddle, Saddles, Saddles and Seatposts, Seat, White, Yellow",24,https://cdn.shopify.com/s/files/1/0923/8062/products/Urban_saddle_Black.jpeg?v=1438625820
pursuit-bars,Pursuit Bars,Pure Fix Cycles,Handlebars,Handlebars,"Alloy, Bars, Bars and Stems, Bars and Tape, Bars Tape Grips and Stems, Black, Bullhorn, Gold, Handle Bars, Handlebars, Parts, Pursuit, White",26,https://cdn.shopify.com/s/files/1/0923/8062/products/pursuit_bars_Alloy.jpeg?v=1438625814
rema-tip-top-patch-kit,Rema Tip Top Patch Kit,Rema,Tools,Tools,"Accessories, Patch Kit, Patch Kits, Safety Gear, Tire, Tools, Tools and Maintenance, Tube, Wheelsets and Accessories",2.49,https://cdn.shopify.com/s/files/1/0923/8062/products/rema_tt_patch_kit_1.jpeg?v=1438625810
fixie-seat-post,Seatpost,Pure Fix Cycles,Seatpost,Seatpost,"Alloy, Black, Gold, Parts, Saddles and Seatposts, Seat Post, seatpost, Seatposts and Clamps, White",22,https://cdn.shopify.com/s/files/1/0923/8062/products/SeatPostsTight.jpeg?v=1438625809
seat-post-clamp,Seatpost Clamp,Pure Fix Cycles,Seatpost Clamp,Seatpost Clamp,"Alloy, Black, Gold, Parts, Saddles and Seatposts, Seat Post Clamp, Seatposts and Clamps, White",6,https://cdn.shopify.com/s/files/1/0923/8062/products/seat-post-clamps_1.jpeg?v=1438625806
bicycle-tire-lever,Steel Core Tire Lever,SOMA,Tools,Tools,"Tire, Tire Lever, Tool, Tools",2,https://cdn.shopify.com/s/files/1/0923/8062/products/tire-lever_1.png?v=1438625805
the-bogey,The Bogey,Pure Fix Cycles,FGFS,FGFS,"Black, FGFS, FGFS Series, Fixed Gear Freestyle, Grey, Trick Bike, Trick Fixie",399,https://cdn.shopify.com/s/files/1/0923/8062/products/bogey_1201.jpeg?v=1438625801
bravo-black-blue-fixie,Bravo,Pure Fix Cycles,Fixed Gear Bicycle,Fixed Gear Bicycle,"47cm, 50cm, 54cm, 58cm, Bicycle, Bicycles, Bike, Black, Blue, College Fixie, Fixed Gear, Fixie, Pure Fix Cycles, Urban Fixie",329,https://cdn.shopify.com/s/files/1/0923/8062/products/BRAVO_2014_SEAMLESS_SIDE_KENDA_WEB.jpeg?v=1442512880
the-chief,The Chief,Pure Fix Cycles,FGFS,FGFS,"Black, FGFS, FGFS Series, Fixed Gear Freestyle, Trick Bike, Trick Fixie, White",399,https://cdn.shopify.com/s/files/1/0923/8062/products/chief_1201.jpeg?v=1438625781
delta-green-pink-fixie,The Delta,Pure Fix Cycles,Fixed Gear Bicycle,Fixed Gear Bicycle,"Bicycle, Bicycles, Bike, Celeste, College Fixie, Fixed Gear, Fixie, Pink, Pure Fix Cycles, Urban Fixie",325,https://cdn.shopify.com/s/files/1/0923/8062/products/delta_1200.jpeg?v=1438625774
black-red-fixie-the-echo,Echo,Pure Fix Cycles,Fixed Gear Bicycle,Fixed Gear Bicycle,"43cm, 47cm, 50cm, 54cm, 58cm, Bicycle, Bicycles, Bike, Black, College Fixie, Fixed Gear, Fixie, Matte Black, Pure Fix Cycles, Red, Urban Fixie",329,https://cdn.shopify.com/s/files/1/0923/8062/products/ECHO_2014_SEAMLESS_SIDE_KENDA_WEB.jpeg?v=1442433490
foxtrot-purple-white-fixie,The Foxtrot,Pure Fix Cycles,Fixed Gear Bicycle,Fixed Gear Bicycle,"Bicycle, Bicycles, Bike, Black, College Fixie, Fixed Gear, Fixie, Pure Fix Cycles, Purple, Urban Fixie, Yellow",325,https://cdn.shopify.com/s/files/1/0923/8062/products/foxtrot_1200.jpeg?v=1438625763
the-golf,The Golf,Pure Fix Cycles,Fixed Gear Bicycle,Fixed Gear Bicycle,"50cm, 54cm, Bicycle, Bicycles, Bike, Blue, Fixed Gear, Fixie, Light Blue, Orange, Pure Fix Cycles, Urban Fixie",325,https://cdn.shopify.com/s/files/1/0923/8062/products/WEB_2048_0016_Golf.jpeg?v=1438625756
fixie-black-green,Hotel,Pure Fix Cycles,Glow Series,Glow Series,"50cm, 54cm, 58cm, Bicycles, Bike, Black, College Fixie, Fixed Gear, Fixie, Glow, Glow Bikes, Glow In The Dark, Glow Series, Green, Pure Fix Cycles, Urban Fixie",399,https://cdn.shopify.com/s/files/1/0923/8062/products/HOTEL_2014_SEAMLESS_SIDE_KENDA_WEB.jpeg?v=1442434185
black-gold-fixie,India,Pure Fix Cycles,Fixed Gear Bicycle,Fixed Gear Bicycle,"50cm, 54cm, 58cm, Bicycle, Bicycles, Bike, Black, Fixed Gear, Fixie, Gold, Matte Black, Pure Fix Cycles",329,https://cdn.shopify.com/s/files/1/0923/8062/products/INDIA_2014_SEAMLESS_SIDE_KENDA_WEB.jpeg?v=1442433561
matte-black-fixie,Juliet,Pure Fix Cycles,Fixed Gear Bicycle,Fixed Gear Bicycle,"43cm, 47cm, 50cm, 54cm, 58cm, 61cm, 64cm, Bicycle, Bicycles, Bike, Black, Fixed Gear, Fixie, Matte Black, Pure Fix Cycles",329,https://cdn.shopify.com/s/files/1/0923/8062/products/JULIET_2014_SEAMLESS_SIDE_KENDA_WEB.jpeg?v=1442433587
glow-in-the-dark-fixie-bike-kilo,Kilo,Pure Fix Cycles,Glow Series,Glow Series,"43cm, 47cm, 50cm, 54cm, 58cm, 61cm, Bicycles, Bike, Black, College Fixie, Fixed Gear, Fixie, Glow, Glow Bikes, Glow In The Dark, Glow Series, Green, Pure Fix Cycles, Urban Fixie, Yellow",399,https://cdn.shopify.com/s/files/1/0923/8062/products/KILO_2014_SEAMLESS_SIDE_KENDA_WEB.jpeg?v=1442434207
colorful-fixie-lima,The Lima,Pure Fix Cycles,Fixed Gear Bicycle,Fixed Gear Bicycle,"Bicycle, Bicycles, Bike, Blue, College Fixie, Fixed Gear, Fixie, Green, Limited Edition, Matte Black, Pink, Pure Fix Cycles, Red, Urban Fixie, Yellow",325,https://cdn.shopify.com/s/files/1/0923/8062/products/lima_1200.jpeg?v=1438625709
the-micro-echo,Micro Echo,Pure Fix Cycles,Kids Fixed Gear Bike,Kids Fixed Gear Bike,"Black, Kids Fixie, Micro, Micro Series, Red",329,https://cdn.shopify.com/s/files/1/0923/8062/products/ECHO_2014_SEAMLESS_SIDE_WEB.jpeg?v=1442434378
the-micro-juliet,Micro Juliet,Pure Fix Cycles,Kids Fixed Gear Bike,Kids Fixed Gear Bike,"Black, Kids Fixie, Micro, Micro Series",329,https://cdn.shopify.com/s/files/1/0923/8062/products/JULIET_2014_SEAMLESS_SIDE_WEB.jpeg?v=1442434400
the-micro-kilo,Micro Kilo,Pure Fix Cycles,Kids Fixed Gear Bike,Kids Fixed Gear Bike,"Black, Glow, Glow Bikes, Glow In The Dark, Glow Series, Green, Kids Fixie, Micro, Micro Series, Yellow",401.99,https://cdn.shopify.com/s/files/1/0923/8062/products/KILO_2014_SEAMLESS_SIDE_-WEB.jpeg?v=1442434248
the-micro-papa,Micro Papa,Pure Fix Cycles,Kids Fixed Gear Bike,Kids Fixed Gear Bike,"Grey, Kids Fixie, Micro, Micro Series, Orange",329,https://cdn.shopify.com/s/files/1/0923/8062/products/PAPA_2014_SEAMLESS_SIDE_WEB.jpeg?v=1442434411
the-micro-romeo,Micro Romeo,Pure Fix Cycles,Kids Fixed Gear Bike,Kids Fixed Gear Bike,"Kids Fixie, Micro, Micro Series, White",329,https://cdn.shopify.com/s/files/1/0923/8062/products/ROMEO_2014_SEAMLESS_SIDE_WEB.jpeg?v=1442434426
fixie-the-mike,Mike,Pure Fix Cycles,Fixed Gear Bicycle,Fixed Gear Bicycle,"50cm, 54cm, 58cm, Bicycle, Bicycles, Bike, College Fixie, Fixed Gear, Fixie, Gold, Matte Black, Pure Fix Cycles, Urban Fixie, White, WTB",329,https://cdn.shopify.com/s/files/1/0923/8062/products/MIKE_2015_SEAMLESS_SIDE_WEB.jpeg?v=1442433620
november-blue-silver-bike,November,Pure Fix Cycles,Fixed Gear Bicycle,Fixed Gear Bicycle,"50cm, 54cm, 58cm, Alloy, Bicycle, Bicycles, Bike, Blue, College Fixie, Fixed Gear, Fixie, Pure Fix Cycles, Silver, Urban Fixie",329,https://cdn.shopify.com/s/files/1/0923/8062/products/NOVEMBER_2014_SEAMLESS_SIDE_KENDA_WEB.jpeg?v=1442433641
the-oscar-chrome-fixie,Oscar,Pure Fix Cycles,Fixed Gear Bicycle,Fixed Gear Bicycle,"50cm, 54cm, 58cm, Alloy, Bicycle, Bicycles, Bike, Chrome, College Fixie, Fixed Gear, Fixie, Pure Fix Cycles, Urban Fixie",329,https://cdn.shopify.com/s/files/1/0923/8062/products/OSCAR_2014_SEAMLESS_SIDE_KENDA_WEB.jpeg?v=1438625635
papa-grey-orange-fixie,Papa,Pure Fix Cycles,Fixed Gear Bicycle,Fixed Gear Bicycle,"43, 43cm, 47cm, 50cm, 54cm, 58cm, Bicycle, Bicycles, Bike, Fixie, Grey, Matte Grey, Orange, Pure Fix Cycles",329,https://cdn.shopify.com/s/files/1/0923/8062/products/PAPA_2014_SEAMLESS_SIDE_KENDA_WEB.jpeg?v=1442433662
black-white-fixie-1,Quebec,Pure Fix Cycles,Fixed Gear Bicycle,Fixed Gear Bicycle,"50cm, 54cm, 58cm, Bicycle, Bicycles, Bike, Black, College Fixie, Fixed Gear, Fixie, Pure Fix Cycles, Urban Fixie, White, WTB",329,https://cdn.shopify.com/s/files/1/0923/8062/products/QUEBEC_2015_SEAMLESS_SIDE_WEB.jpeg?v=1442433684
white-fixie-the-romeo,Romeo,Pure Fix Cycles,Fixed Gear Bicycle,Fixed Gear Bicycle,"43cm, 47cm, 50cm, 54cm, 58cm, 61cm, Bicycle, Bicycles, Bike, College Fixie, Fixed Gear, Fixie, Pure Fix Cycles, Urban Fixie, White",329,https://cdn.shopify.com/s/files/1/0923/8062/products/ROMEO_2014_SEAMLESS_SIDE_KENDA_WEB.jpeg?v=1442433766
orange-fixie-tango,The Tango,Pure Fix Cycles,Fixed Gear Bicycle,Fixed Gear Bicycle,"Bicycle, Bicycles, Bike, Black, College Fixie, Fixed Gear, Fixie, Orange, Pure Fix Cycles, Urban Fixie",325,https://cdn.shopify.com/s/files/1/0923/8062/products/Tango.png?v=1438625582
the-uniform-black-yellow-bike,Uniform,Pure Fix Cycles,Fixed Gear Bicycle,Fixed Gear Bicycle,"50cm, 54cm, 58cm, Bicycle, Bicycles, Bike, Black, Charity, charity: water, Fixed Gear, Fixie, Pure Fix Cycles, Yellow",329,https://cdn.shopify.com/s/files/1/0923/8062/products/UNIFORM_2014_SEAMLESS_SIDE_LOGO_KENDA_WEB.png?v=1442849733
victor-celeste-fixie,Victor,Pure Fix Cycles,Fixed Gear Bicycle,Fixed Gear Bicycle,"47cm, 50cm, 54cm, Bicycle, Bicycles, Bike, Celeste, College Fixie, Fixed Gear, Fixie, Pure Fix Cycles, Urban Fixie, White",329,https://cdn.shopify.com/s/files/1/0923/8062/products/VICTOR_SIDE_WEB.jpeg?v=1442433922
whiskey-grey-blue-fixie,Whiskey,Pure Fix Cycles,Fixed Gear Bicycle,Fixed Gear Bicycle,"47cm, 50cm, 54cm, 58cm, Bicycle, Bicycles, Bike, Blue, College Fixie, Fixed Gear, Fixie, Grey, Pure Fix Cycles, Urban Fixie",329,https://cdn.shopify.com/s/files/1/0923/8062/products/WHISKEY_2014_SEAMLESS_SIDE_KENDA_WEB.jpeg?v=1442433977
cream-and-celeste-fixie,X-Ray,Pure Fix Cycles,Fixed Gear Bicycle,Fixed Gear Bicycle,"43cm, 47cm, 50cm, 54cm, 58cm, Bicycle, Bicycles, Bike, Celeste, Cream, Fixed Gear, Fixie, Pure Fix Cycles",329,https://cdn.shopify.com/s/files/1/0923/8062/products/XRAY_SIDE_WEB.jpeg?v=1442433992
the-yankee-charity-water,Yankee,Pure Fix Cycles,Fixed Gear Bicycle,Fixed Gear Bicycle,"47cm, 50cm, 54cm, 58cm, Bicycle, Bicycles, Bike, Black, charity: water, College Fixie, Fixed Gear, Fixie, Pure Fix Cycles, Urban Fixie, Yellow",329,https://cdn.shopify.com/s/files/1/0923/8062/products/YANKEE_2014_SEAMLESS_SIDE_KENDA_WEB.png?v=1442849774
the-zulu-glow-fixie,Zulu,Pure Fix Cycles,Glow Series,Glow Series,"47cm, 50cm, 54cm, 58cm, Bicycles, Bike, College Fixie, Fixed Gear, Fixie, Glow, Glow Bikes, Glow In The Dark, Glow Series, Pure Fix Cycles, Urban Fixie, White",399,https://cdn.shopify.com/s/files/1/0923/8062/products/ZULU_2014_SEAMLESS_SIDE_KENDA_WEB.jpeg?v=1442434321
thickslick-700x25c-freedom-tire,Thickslick 700x25-28c Freedom Sport Tire,Thickslick,Tires,Tires,"700C, Parts, Tire, Tires, Tires and Tubes, Tools and Maintenance, Wheelsets and Accessories",28,https://cdn.shopify.com/s/files/1/0923/8062/products/thickslick_1.jpeg?v=1438625503
triangle-bicycle-shelf,Triangle Bicycle Shelf,Pure Fix Cycles,Bicycle Rack,Bicycle Rack,"Bike, College Fixie, Fixed Gear, Fixie, Shelf, Urban Fixie, Wood",120,https://cdn.shopify.com/s/files/1/0923/8062/products/triangle-shelf_1.jpeg?v=1438625502
versair-mini-pump,Versair Mini Pump,Versair,Pumps,Pumps,"Presta valve, Pump, Pumps, Tool",20,https://cdn.shopify.com/s/files/1/0923/8062/products/versair-mini-pump_1.jpeg?v=1438625501
water-bottle-holder,Water Bottle Holder,Pure Fix Cycles,Water Bottle Holder,Water Bottle Holder,"Accessories, Alloy, Black, Blue, Bottles and Cages, Gold, Red, White",9,https://cdn.shopify.com/s/files/1/0923/8062/products/bottle_holders_1.jpeg?v=1438625499
ynot-saddle-roll,YNOT Saddle Roll,YNOT,Tools,Tools,"Accessories, Bag, Bags, Saddle Bags, Saddle Roll, Saddles and Seatposts, Safety Gear, Tools",25,https://cdn.shopify.com/s/files/1/0923/8062/products/ynot-saddle-roll-3.jpeg?v=1438625497
4mm-5mm-6mm-balldriver-y-wrench,4mm 5mm 6mm Balldriver Y-Wrench,Park Tool,Tools,Tools,"Accessories, Essential, Essentials, Safety Gear, Tool, Tools, Tools and Maintenance, Wrench",9.99,https://cdn.shopify.com/s/files/1/0923/8062/products/balldriver.jpeg?v=1438625494
pivotal-seat-post,Pivotal Seatpost,Pure Fix Cycles,Seatpost,Seatpost,"Black, FGFS, FGFS Accessories, Parts, Saddles and Seatposts, Seat Post, seatpost, Seatposts and Clamps",10,https://cdn.shopify.com/s/files/1/0923/8062/products/pivotal-seat-post.jpeg?v=1438625490
original-fixed-cog,Original Fixed Cog,Pure Fix Cycles,Fixed Cogs,Fixed Cogs,"14T, 16T, Alloy, cog, Cogs, Cogs and Lockrings, Drivetrain, Parts",8,https://cdn.shopify.com/s/files/1/0923/8062/products/Cog-WEB.jpeg?v=1438625488
hooded-brake-lever,Hooded Brake Levers,Pure Fix Cycles,Brake,Brake,"Bars Tape Grips and Stems, Brake Parts, Parts",32,https://cdn.shopify.com/s/files/1/0923/8062/products/hooded-brake-lever.jpeg?v=1438625487
presta-valve-adapter,Presta Valve Adapter,Cyclone,Tools,Tools,"Accessories, adapter, Presta Valve, pump, Pumps, Safety Gear, Schrader valve, Tools, Tools and Maintenance, Wheelsets and Accessories",1.99,https://cdn.shopify.com/s/files/1/0923/8062/products/presta_valve_side_web.jpeg?v=1438625485
kryptonite-evolution,Kryptonite Evolution Lock,Kryptonite,Lock,Lock,"Accessories, Essential, Essentials, Lock, Locks, Safety, Safety Gear, Tools and Maintenance",69,https://cdn.shopify.com/s/files/1/0923/8062/products/Evolution-Mini-7.jpeg?v=1438625483
pure-fix-mechanic-shirt,Pure Fix Mechanic Shirt,Pure Fix Cycles,Apparel,Apparel,"Accessories, Apparel, Black, Clothes, Shirt, Shirts",40,https://cdn.shopify.com/s/files/1/0923/8062/products/button-down-mech-tee.jpeg?v=1438625480
fgfs-bottom-bracket,FGFS Bottom Bracket,Pure Fix Cycles,Bottom Brackets,Bottom Brackets,"Bottom Bracket, Bottom Brackets, Drivetrain, FGFS",0,https://cdn.shopify.com/s/files/1/0923/8062/products/fgfs-bottom-bracket.jpeg?v=1438625476
fixed-gear-lock-ring-tool,Fixed Gear Lock Ring Tool,Park Tool,Tools,Tools,"Accessories, Cogs and Lockrings, Lockring, Safety Gear, Tool, Tools, Tools and Maintenance",16,https://cdn.shopify.com/s/files/1/0923/8062/products/lockring-tool.jpeg?v=1438625474
hiplok-lite,Hiplok Lite,Hiplok,Lock,Lock,"Accessories, Essential, Essentials, Hiplok, Lock, Locks, Safety, Safety Gear",69.99,https://cdn.shopify.com/s/files/1/0923/8062/products/hiplok-yellow.jpeg?v=1438625466
all-in-one-track-tool,All In One Track Tool,IceToolz,Tools,Tools,"10mm, 14mm, 15mm, 5mm, 6mm, Accessories, Essential, Essentials, Safety Gear, Tool, Tools, Tools and Maintenance, Wheelsets and Accessories, Wrench",11.99,https://cdn.shopify.com/s/files/1/0923/8062/products/Ice-Toolz_All-In-One-Track-Tool_15mm_Front_WEB.jpeg?v=1438625456
pure-city-basket-1,Pure City Basket,Cyclone,Baskets,Baskets,"Accessories, Basket, Baskets, Baskets and Racks, City Accessories, Pure City",60,https://cdn.shopify.com/s/files/1/0923/8062/products/basket_full.jpeg?v=1438625452
boombot-rex,PF Boombot Rex,Boombotix,Speaker,Speaker,"Black, Boombotix, Essential, Speaker, Speakers",119.99,https://cdn.shopify.com/s/files/1/0923/8062/products/pure-fix-rex.png?v=1438625448
knog-blinder-road-front,Knog Blinder Road Front Light,Knog,Light,Light,"Accessories, Black, Essential, Essentials, Front, Grey, Knog, Lights, Safety Gear",79.99,https://cdn.shopify.com/s/files/1/0923/8062/products/knog-blinder-road-black-front.jpeg?v=1438625437
knog-blinder-road-rear-light,Knog Blinder Road Rear Light,Knog,Light,Light,"Accessories, Black, Essential, Essentials, Grey, Knog, Light, Lights, Rear, Safety Gear",59.99,https://cdn.shopify.com/s/files/1/0923/8062/products/knog-blinder-road-black-rear.jpeg?v=1438625433
park-tool-mini-chain-brute-chain-tool,Park Tool Mini Chain Brute Chain Tool,Park Tool,Tools,Tools,"Accessories, Chain Tool, Essential, Safety Gear, Tools, Tools and Maintenance",16,https://cdn.shopify.com/s/files/1/0923/8062/products/chain-tool-brute-2.jpeg?v=1438625430
pure-fix-1940s-lady-tee,Pure Fix 1940's Lady Tee,Pure Fix Cycles,Apparel,Apparel,"1940S, Accessories, Apparel, Black, Clothes, Concrete, Grey, Shirt, Shirts",16,https://cdn.shopify.com/s/files/1/0923/8062/products/seamless-women-tee.jpeg?v=1438625424
cateye-urban-wireless-cycling-computer,Cateye Urban Wireless Cycling Computer,Cateye,Computer,Computer,"Bike Computers, Black, Computer",45,https://cdn.shopify.com/s/files/1/0923/8062/products/urban-wireless-black-web.jpeg?v=1438625417
savant-helmet,Savant Helmet,Giro,Helmet,Helmet,"Accessories, Black, Essential, Helmet, Helmets, Safety, Safety Gear",79,https://cdn.shopify.com/s/files/1/0923/8062/products/giro-savant-black-white-WEB.jpeg?v=1438625414
bookman-lights,Bookman Lights,Bookman,Light,Light,"Accessories, Black, Essential, Essentials, Fixie Light, Green, Light, Lights, Pure Fix Cycles, Safety Gear, White",29,https://cdn.shopify.com/s/files/1/0923/8062/products/Bookman-Black-main-grey-WEB.png?v=1438625407
icetoolz-4mm-5mm-6mm-y-wrench,Icetoolz 4mm 5mm 6mm Y-Wrench,IceToolz,Tools,Tools,"Accessories, Essential, Essentials, Tool, Tools, Tools and Maintenance, Wrench",6,https://cdn.shopify.com/s/files/1/0923/8062/products/icetoolz-4-5-6-y-wrench.png?v=1438625395
pedros-tire-lever-set,Pedro's Tire Lever Set,Pedro's,Tools,Tools,"Accessories, Essential, Essentials, Safety Gear, Tire, Tire Lever, Tires and Tubes, Tool, Tools, Tools and Maintenance, Wheelsets and Accessories, Yellow",5,https://cdn.shopify.com/s/files/1/0923/8062/products/pedros-tire-lever-yellow-WEB.png?v=1438625392
city-bike-rack,City Bike Rack,Pure Fix Cycles,Bike Rack,Bike Rack,"Accessories, Baskets and Racks, City Accessories, Pure City, Rack, Silver",40,https://cdn.shopify.com/s/files/1/0923/8062/products/Bike-Rack-Front_WEB.jpeg?v=1438625384
city-saddle,City Saddle,Pure Fix Cycles,Saddle,Saddle,"Black, Brown, City Accessories, Parts, Pure City, Saddle, Saddles, Saddles and Seatposts, White",32,https://cdn.shopify.com/s/files/1/0923/8062/products/PCComfort_3RD_Black_WEB.jpeg?v=1438625373
brake-cable-housing,Brake Cable Housing,Pure Fix Cycles,Brake,Brake,"Blue, Brake Parts, Brake Set, City Accessories, Green, Orange, Parts, Pure City, Red, White",4,https://cdn.shopify.com/s/files/1/0923/8062/products/Green-Brake-Cable_WEB.jpeg?v=1438625361
city-kickstand,City Kickstand,Pure Fix Cycles,Kickstand,Kickstand,"Alloy, City Accessories, Kickstand, Kickstands, Parts, Pure City",15,https://cdn.shopify.com/s/files/1/0923/8062/products/kick-stand_WEB.jpeg?v=1438625356
city-grip-set,City Grip Set,Pure Fix Cycles,Grips,Grips,"Bars and Tape, Bars Tape Grips and Stems, Black, Brown, City Accessories, Grips, Grips and Tape, Parts, Pure City, White",20,https://cdn.shopify.com/s/files/1/0923/8062/products/PCGrip_3RD_Black_WEB.jpeg?v=1438625354
pure-fix-water-bottle,Pure Fix Water Bottle,Pure Fix Cycles,Water Bottle,Water Bottle,"Black, Bottles and Cages, Water Bottle",2,https://cdn.shopify.com/s/files/1/0923/8062/products/Water-Bottle_FULL.jpeg?v=1438625350
the-revo-juliet,Revo Juliet,Pure Fix Cycles,Fixed Gear Bicycle,Fixed Gear Bicycle,"50cm, 54cm, 58cm, 61cm, Bicycle, Bicycles, Bike, Black, Fixed Gear, Fixie, Glow, Glow Bikes, Matte Black, Pure Fix Cycles, Revo",599,https://cdn.shopify.com/s/files/1/0923/8062/products/Revo-Lights-Bike_WEB_54c84086-9fab-4548-a4da-b9c7c6a89fbd.jpeg?v=1442434270
pure-city-cargo-straps,Pure City Cargo Straps,Pure Fix Cycles,Baskets,Baskets,"Accessories, Baskets and Racks, Black, Blue, Cargo Straps, City Accessories, Green, Pure City, Straps",12,https://cdn.shopify.com/s/files/1/0923/8062/products/CargoStrap_Blue_PureCity_Front_WEB.jpeg?v=1438625338
shiny-object-co2-inflator,Shiny Object CO2 Inflator,Portland Design Works,Pumps,Pumps,"Accessories, Alloy, Essential, Essentials, Leather, Pump, Pumps, Safety Gear, Tools and Maintenance, Wheelsets and Accessories",20.99,https://cdn.shopify.com/s/files/1/0923/8062/products/PDW-Object-CO2-Inflator-WEB.jpeg?v=1438625334
premium-pedals-with-leather-straps,Premium Pedals with Leather Straps,Pure Fix Cycles,Pedals,Pedals,"Black, City Accessories, Leather, Parts, Pedals, Pedals and Straps, Pedals with Cages, Pro, Pro Series, Pure City, Straps",49,https://cdn.shopify.com/s/files/1/0923/8062/products/Premium-Pedals-Cages-WEB.jpeg?v=1438625333
city-tire,City Tire,Kenda,Tires,Tires,"700C, Black, City Accessories, Kenda, Parts, Tire, Tires, Tires and Tubes, Tools and Maintenance, Wheelsets and Accessories",30,https://cdn.shopify.com/s/files/1/0923/8062/products/Cream-Tire_WEB.jpeg?v=1438625331
fgfs-pegs,FGFS Pegs,Pure Fix Cycles,FGFS Accessories,FGFS Accessories,"Accessories, Black, FGFS, FGFS Accessories",1,https://cdn.shopify.com/s/files/1/0923/8062/products/B00CU3DR9G.main.jpeg?v=1438625329
fyxation-loop-cloth-bar-tape,Fyxation Loop Cloth Bar Tape,Fyxation,Saddle,Saddle,"Fyxation, Green, Parts, Saddle, Saddles",15,
fgfs-head-set,FGFS Head Set,Neco,Head Set,Head Set,"Accessories, Black, FGFS, FGFS Accessories, Headset, Headsets, Neco, Parts",8,https://cdn.shopify.com/s/files/1/0923/8062/products/head-set_FGFS.jpeg?v=1438625328
pure-fix-cycling-cap,Pure Fix Cycling Cap,Pure Fix Cycles,Apparel,Apparel,"Accessories, Apparel, Black, Hat, Hats",24,https://cdn.shopify.com/s/files/1/0923/8062/products/Pure-Hat-WEB.jpeg?v=1438625325
pure-city-headlamp,Pure City Headlamp,Pure Fix Cycles,Light,Light,"Accessories, City Accessories, Essential, Light, Lights, Pure City, Safety Gear, Silver",20,https://cdn.shopify.com/s/files/1/0923/8062/products/Head-Light-Chrome_WEB_1c72310a-67f8-4f91-81dc-bff09e8b03d9.jpeg?v=1438625320
nantucket-basket,Nantucket Lightship Basket,Nantucket Bike Basket Co,Baskets,Baskets,"Accessories, Basket, Baskets, Baskets and Racks, Brown, City Accessories, Pure City",50,https://cdn.shopify.com/s/files/1/0923/8062/products/nantucket-basket-natural-WEB.jpeg?v=1438625318
city-crate-rear-rack-basket,Wooden City Crate,Pure Fix Cycles,Baskets,Baskets,"Accessories, Basket, Baskets and Racks, City Accessories, Pure City, Racks and Baskets",50,https://cdn.shopify.com/s/files/1/0923/8062/products/CityCrate_Blue_Side_WEB.jpeg?v=1438625306
city-quill-stem,City Quill Stem,Pure Fix Cycles,Stem,Stem,"Alloy, Bars and Stems, Bars and Tape, Bars Tape Grips and Stems, City Accessories, Parts, Pure CIty, Stem, Stems",20,https://cdn.shopify.com/s/files/1/0923/8062/products/quill-stem-WEB.jpeg?v=1438625291
pure-city-comfort-handlebar,Pure City Comfort Handlebars,Pure Fix Cycles,Handlebars,Handlebars,"Alloy, Bars, Bars and Stems, Bars Tape Grips and Stems, City Accessories, Handlebars, Parts, Pure City",26,https://cdn.shopify.com/s/files/1/0923/8062/products/Silver-Handlebar-WEB.jpeg?v=1438625287
sram-s100-175mm-48t-black-courier-crankset-power-spline,SRAM S100 165mm 48T Black Courier Crankset Power Spline,SRAM,Cranks,Cranks,"Black, Cranks, Drivetrain, Parts, Pro, SRAM, Track",84,https://cdn.shopify.com/s/files/1/0923/8062/products/s100spun.jpeg?v=1438625286
sram-omnium-track-crankset,SRAM Omnium Track Crankset and Bottom Bracket,SRAM,Cranks,Cranks,"Alloy, Black, Bottom Brackets, Cranks, Drivetrain, Parts, Pro, SRAM, Track",269,https://cdn.shopify.com/s/files/1/0923/8062/products/omnium-silver-sram-crank-WEB.jpeg?v=1438625284
fsa-omega-compact-road-drop-bars,FSA Omega Compact Road Drop Bars,FSA,Handlebars,Handlebars,"Bars, Bars and Stems, Bars and Tape, Bars Tape Grips and Stems, Black, Drop Bars, FSA, Handlebars, Parts, Pro, Track, White",60,https://cdn.shopify.com/s/files/1/0923/8062/products/FSA-compact-omega-bars-black-WEB.jpeg?v=1438625281
nitto-b143aa-aluminum-track-drop-bars,Nitto B143AA Aluminum Track Drop Bars,Nitto,Handlebars,Handlebars,"Alloy, Bars, Bars and Stems, Bars and Tape, Bars Tape Grips and Stems, Drop Bars, Handlebars, Parts, Pro, Track",110,https://cdn.shopify.com/s/files/1/0923/8062/products/nitto-b143aa-alumnium-track-drop-bars-WEB.jpeg?v=1438625278
pure-fix-50mm-wheelset,Pure Fix 700C 50mm Wheelset,Pure Fix Cycles,Wheelsets,Wheelsets,"50mm, 700C Wheelsets, Alloy, Black, Blue, Celeste, Gold, Green, Orange, Pink, Purple, Red, Silver, Wheelsets, Wheelsets and Accessories, White, Yellow",130,https://cdn.shopify.com/s/files/1/0923/8062/products/50mm-Wheels_Yellow_Front_WEB.jpeg?v=1438625269
pure-fix-60mm-wheelset,Pure Fix 700C 60mm Wheelset,Pure Fix Cycles,Wheelsets,Wheelsets,"60mm, 700C Wheelsets, Black, Blue, Wheelset, Wheelsets and Accessories, White",160,https://cdn.shopify.com/s/files/1/0923/8062/products/wheelwhiteside1201_9913f6e0-e1bc-471d-b58e-f71b52c36e09.jpeg?v=1438625255
pure-fix-machined-pro-wheels,Pure Fix 700C Machined Pro Wheels,Pure Fix Cycles,Wheelsets,Wheelsets,"30mm, 40mm, 700C Wheelsets, Black, Celeste, Green, Pro, Red, Wheelsets and Accessories, White",160,https://cdn.shopify.com/s/files/1/0923/8062/products/red-pro-wheelset_24edfdae-a83e-4744-afdd-139112a70f20.jpeg?v=1438625250
pure-fix-26-fgfs-wheelset,"Pure Fix 26"" FGFS Wheelset",Pure Fix Cycles,Wheelsets,Wheelsets,"26"", 26"" Wheelsets, Accessories, Black, FGFS, FGFS Accessories, Green, Red, Wheels, Wheelset, Wheelsets and Accessories, White",69,https://cdn.shopify.com/s/files/1/0923/8062/products/26_green_web.jpeg?v=1438625244
650c-micro-wheelset,650C 45mm Micro Wheelset,Pure Fix Cycles,Wheelsets,Wheelsets,"650C, 650C Wheelsets, Black, Blue, Micro, Orange, Wheels, Wheelset, Wheelsets and Accessories, White",130,https://cdn.shopify.com/s/files/1/0923/8062/products/650_orange_web.jpeg?v=1438625240
pure-fix-700c-50mm-glow-wheelset,Pure Fix 700C 50mm Glow Wheelset,Pure Fix Cycles,Wheelsets,Wheelsets,"700C, 700C Wheelsets, Glow, Green, Wheels, Wheelsets, Wheelsets and Accessories, White, Yellow",190,https://cdn.shopify.com/s/files/1/0923/8062/products/green_glow_1207_c1989717-1a02-41ff-823f-b36e23745eeb.jpeg?v=1438625237
700c-aerospoke,700C Aerospoke - Lime Green Front,Aerospoke,Wheelsets,Wheelsets,"700C, 700C Wheelsets, Aerospoke, Black, Red, Wheel, Wheelset, Wheelsets and Accessories, White",199,https://cdn.shopify.com/s/files/1/0923/8062/products/img-700c-limewb-250x250.gif?v=1438625235
truative-powerspline-bottom-bracket,Truvativ Powerspline Bottom Bracket,Truvativ,Bottom Brackets,Bottom Brackets,"Bottom Bracket, Bottom Brackets, Drivetrain, Parts, Pro, Track",25,https://cdn.shopify.com/s/files/1/0923/8062/products/Turative-bottom-bracket-WEB_c601085e-05e5-4596-82cc-2ab2d402c4b2.jpeg?v=1438625234
original-fixed-gear-frameset,Original Fixed Gear Frameset,Pure Fix Cycles,Framesets,Framesets,"1/8"", Alloy, Black, Blue, Chrome, Fixie, Frameset, Framesets, Gloss Black, Green, Grey, Neon Green, Neon Yellow, Orange, Original Framesets, Parts, Pink, Red, White, Yellow",99,https://cdn.shopify.com/s/files/1/0923/8062/products/red-frameset-WEB.jpeg?v=1438625226
fsa-27-2-x-420mm-seatpost-sl-280,FSA 27.2 Seatpost SL-280,FSA,Seatpost,Seatpost,"Black, FSA, Pro, Saddles and Seatposts, seat post, Seatpost, Seatposts and Clamps, Track",40,https://cdn.shopify.com/s/files/1/0923/8062/products/FSA-SL-280-black-seatpost-WEB.jpeg?v=1438625215
keirin-track-frame,Keirin Track Frameset,Pure Fix Cycles,Framesets,Framesets,"Accessories, Alloy, Black, Chrome, Framesets, Keirin, Parts, Pro, Racing, Track, Track Framesets, White",225,https://cdn.shopify.com/s/files/1/0923/8062/products/KEIRINTRACK_2014_SEAMLESS_3RD_WHITE_WEB.jpeg?v=1438625207
keirin-pro-track-frame,Keirin Pro Track Frameset,Pure Fix Cycles,Framesets,Framesets,"Alloy, Black, Chrome, Framesets, Keirin, Parts, Pro, Racing, Track, Track Framesets, White",325,https://cdn.shopify.com/s/files/1/0923/8062/products/KEIRINPROTRACK_2014_SEAMLESS_3RD_ALLOY_WEB.jpeg?v=1438625191
classic-2-bar-frameset,Classic 2-Bar Chromoly Frameset,Pure Fix Cycles,Framesets,Framesets,"2-bar, 2-Bar Framesets, Accessories, Black, CrMo, CrMo Framesets, Framesets, Gloss Black, Matte Black, Parts, Red, White",110,https://cdn.shopify.com/s/files/1/0923/8062/products/Frame_Gloss_Black_9d40b247-a3ce-4b5e-ba99-ef1a1650cd91.jpeg?v=1438625177
pure-fix-straight-fork,Pure Fix Straight Fork,Pure Fix Cycles,Forks,Forks,"Black, Celeste, Chrome, Cream, Fork, Forks, Framesets, Gloss Black, Parts, Purple, White",30,https://cdn.shopify.com/s/files/1/0923/8062/products/fork_celeste_6f282f80-d776-4219-b996-de1dab34e0f6.jpeg?v=1438625164
pure-city-fenders,Pure City Fenders,Pure Fix Cycles,Fender,Fender,"City Accessories, Fender, Fenders and Chain Guards, Pure City",30,https://cdn.shopify.com/s/files/1/0923/8062/products/Tire-Cover-Red-Full.jpeg?v=1438625150
pure-city-chain-guard,Pure City Chain Guard,Pure Fix Cycles,Chain Guards,Chain Guards,"Black, Celeste, Chain Guard, City Accessories, Cream, Matte Black, Pure City, Red, Silver, White",10,https://cdn.shopify.com/s/files/1/0923/8062/products/Yellow-Chain-Cover-FULL.jpeg?v=1438625141
city-bell,City Bell,Pure Fix Cycles,Bells,Bells,"Bell, Black, Blue, City, City Accessories, Gold, Pure City, Red, Silver",10,https://cdn.shopify.com/s/files/1/0923/8062/products/Chrome-Bell-Full.jpeg?v=1438625132
saris-solo-bike-rack,Saris Solo Bike Rack,Saris,Bike Racks,Bike Racks,"Bike Racks, Black, Rack",59.99,https://cdn.shopify.com/s/files/1/0923/8062/products/saris-solo-bike-rack-web.jpeg?v=1438625128
saris-bones-3-bike-rack,Saris Bones 3 Bike Rack,Saris,Bike Racks,Bike Racks,Bike Racks,169.99,https://cdn.shopify.com/s/files/1/0923/8062/products/saris-3-bones-bike-rack-web.jpeg?v=1438625127
shimano-dura-ace-lockring,Shimano Dura-Ace Lockring,Shimano,Lockrings,Lockrings,"Black, Cogs, Cogs and Lockrings, Drivetrain, Dura-Ace, Lockring, Lockrings, Parts",15,https://cdn.shopify.com/s/files/1/0923/8062/products/dura-ace-lock-ring.jpeg?v=1438625125
the-coolidge-crmo-fixed-gear,Coolidge,Pure Fix Cycles,Premium Fixed Gear Bike,Premium Fixed Gear Bike,"4130, 47 cm, 50 cm, 54 cm, 58 cm, 61 cm, Black, CrMo, Pro Series, Pure Fix",450,https://cdn.shopify.com/s/files/1/0923/8062/products/COOLIDGE_2014_SEAMLESS_THICKSLICK_SIDE_WEB.jpeg?v=1442434542
hiplok-pop-lock,Hiplok Pop Lock,Hiplok,Lock,Lock,"Accessories, Black, Blue, Cream, Essential, Essentials, Green, Hiplok, Lock, Locks, Neon Green, Safety, Safety Gear",29.99,https://cdn.shopify.com/s/files/1/0923/8062/products/hiplok-pop-web_0000_Layer_5.jpeg?v=1438625107
truative-square-taper-bottom-bracket,Truvativ Square Taper Bottom Bracket,Truvativ,Bottom Brackets,Bottom Brackets,"Bottom Bracket, Bottom Brackets, Drivetrain, Parts, Truativ",20,https://cdn.shopify.com/s/files/1/0923/8062/products/Turative-bottom-bracket-square-113-WEB.jpeg?v=1438625100
nantucket-cruiser-pannier-basket,Nantucket Cruiser Pannier Basket,Nantucket Bike Basket Co,Baskets,Baskets,"Accessories, Bags, Basket, Baskets, Baskets and Racks, City Accessories, Panniers, Pure City, White",70,https://cdn.shopify.com/s/files/1/0923/8062/products/nantucket-basket-cruiser-pannier-natural-WEB.jpeg?v=1438625097
nantucket-cisco-basket,Nantucket Cisco Basket,Nantucket Bike Basket Co,Baskets,Baskets,"Accessories, Basket, Baskets, Baskets and Racks, Brown, City Accessories, Pure City",70,https://cdn.shopify.com/s/files/1/0923/8062/products/nantucket-basket-cisco-natural-WEB.jpeg?v=1438625092
brooks-b17-saddle,Brooks B17 Saddle,Brooks,Saddle,Saddle,"Black, Blue, Brooks, Brown, Green, Honey, Parts, Pure CIty, Red, Saddle, Saddles, Saddles and Seatposts",130,https://cdn.shopify.com/s/files/1/0923/8062/products/b17-honey-WEB.jpeg?v=1438625083
brooks-b67-saddle,Brooks B67 Saddle,Brooks,Saddle,Saddle,"Black, Brooks, Brown, Honey, Parts, Pure CIty, Saddle, Saddles, Saddles and Seatposts",140,https://cdn.shopify.com/s/files/1/0923/8062/products/b67-black-WEB.jpeg?v=1438625072
fizik-ardea-versus,Fizik Ardea Versus,Fizik,Saddle,Saddle,"Black, Essentials, Fizik, Parts, Saddle, Saddles, Saddles and Seatposts",99,https://cdn.shopify.com/s/files/1/0923/8062/products/Ardea-Versus-Black-WEB.jpeg?v=1438625070
original-freewheel,Original Freewheel,Pure Fix Cycles,Freewheels,Freewheels,"16T, Alloy, Drivetrain, Freewheels, Parts",8,https://cdn.shopify.com/s/files/1/0923/8062/products/Freewheel-02-WEB.jpeg?v=1438625068
the-nikola,The Nikola,Pure Fix Cycles,Fixed Gear Bicycle,Fixed Gear Bicycle,"43cm, 47cm, 50cm, 54cm, 58cm, 61cm, 64cm, Bicycle, Bicycles, Bike, Black, Fixed Gear, Fixie, Matte Black, Pure Fix Cycles",1899.99,https://cdn.shopify.com/s/files/1/0923/8062/products/Nikola-Fixie_WEB.jpeg?v=1438625066
buckshot-bluetooth-speaker,Buckshot Bluetooth Speaker,Outdoor Tech,Speaker,Speaker,"Accessories, Essentials, Phone Accessories, Speakers",49.99,https://cdn.shopify.com/s/files/1/0923/8062/products/Buckshot-black.jpeg?v=1438625060
crane-bell,Crane Bell,Crane,Bells,Bells,"Accessories, Bells, Goods",20,https://cdn.shopify.com/s/files/1/0923/8062/products/crane-copper-bell-WEB.jpeg?v=1438625053
inter-lock-integrated-bike-lock,Interlock Integrated Bike Lock,InterLock,Lock,Lock,"Accessories, Locks, Saddles and Seatposts, Seatposts and Clamps",59.99,https://cdn.shopify.com/s/files/1/0923/8062/products/Interlock_Black_3RD_WEB.jpeg?v=1438625046
the-gold,Lima,Pure Fix Cycles,Fixed Gear Bicycle,Fixed Gear Bicycle,"50cm, 54cm, 58cm, Bicycle, Bicycles, Gold, Red",329,https://cdn.shopify.com/s/files/1/0923/8062/products/LIMA_2014_SEAMLESS_SIDE_KENDA_WEB.jpeg?v=1438625032
the-alfa,Alfa,Pure Fix Cycles,Fixed Gear Bicycle,Fixed Gear Bicycle,"Bicycle, Bicycles, Bike, Blue, Fixed Gear, Fixie, Pure Fix Cycles, White, WTB",329,https://cdn.shopify.com/s/files/1/0923/8062/products/ALFA_SIDE_WEB.jpeg?v=1442512858
the-charlie,Charlie,Pure Fix Cycles,Fixed Gear Bicycle,Fixed Gear Bicycle,"50cm, 54cm, 58cm, Bicycle, Bicycles, Bike, Black, College Fixie, Fixed Gear, Fixie, Pure Fix Cycles, Red, Urban Fixie",329,https://cdn.shopify.com/s/files/1/0923/8062/products/CHARLIE_2015_SEAMLESS_SIDE_WEB.jpeg?v=1438624998
glow-in-the-dark-fixed-gear-frameset,Glow in the Dark Fixed Gear Frameset,Pure Fix Cycles,Framesets,Framesets,"Framesets, Glow, Glow Framesets, Glow Green, Glow Salmon, Glow White, Green, Original Framesets, Parts, Red, White",150,https://cdn.shopify.com/s/files/1/0923/8062/products/red-black_bfc56dc8-5389-4e45-b7fd-d13445bbd7d4.jpeg?v=1438624982
chamois-butt-r,Chamois Butt'r,Paceline Products,Care,Care,"Accessories, Tools",15.99,https://cdn.shopify.com/s/files/1/0923/8062/products/chamois-buttr-web.jpeg?v=1438624977
continental-gatorskin-tire,Continental Gatorskin 700x23C Tire,Continental,Tires,Tires,"Accessories, Parts, Tires, Tires and Tubes, Tools and Maintenance, Wheelsets and Accessories",49.99,https://cdn.shopify.com/s/files/1/0923/8062/products/GATORSKIN-23c-WEB.jpeg?v=1438624974
brooks-cambium-c17-saddle,Brooks Cambium C17 Saddle,Brooks,Saddle,Saddle,"Black, Parts, Pure CIty, Saddle, Saddles, Saddles and Seatposts",160,https://cdn.shopify.com/s/files/1/0923/8062/products/cambium-natural-top-web.jpeg?v=1438624969
brooks-adjustable-length-leather-ring-grips,Brooks Adjustable Length Leather Ring Grips,Brooks,Grips,Grips,"Bars Tape Grips and Stems, Brooks, Grips, Grips and Tape, Leather, Parts",80,https://cdn.shopify.com/s/files/1/0923/8062/products/grip-rings-brown-web.jpeg?v=1438624961
leather-6-pack-holder,Leather 6-Pack Holder,Walnut Studiolo,Bike Accessories,Bike Accessories,"Accessories, City Accessories, Goods, Leather, Things We Love",42,https://cdn.shopify.com/s/files/1/0923/8062/products/6pack-holder--blackleather-WEB.jpeg?v=1438624959
leather-city-grips,Leather City Grips,Walnut Studiolo,Grips,Grips,"Accessories, City Accessories, Grips, Grips and Tape, Leather, Parts",42,https://cdn.shopify.com/s/files/1/0923/8062/products/sew-on-leather-grips-brown-seamless-WEB.jpeg?v=1438624954
leather-little-lifter,Leather Little Lifter,Walnut Studiolo,Bike Accessories,Bike Accessories,"Accessories, City Accessories, Goods, Leather, Things We Love",42,https://cdn.shopify.com/s/files/1/0923/8062/products/little-lifter-all-web.jpeg?v=1438624947
kenda-kwest-tire-650c-23c,Kenda Kwest Tire 650C: 23C,Kenda,Tires,Tires,"700C, Black, Kenda, Parts, Tire, Tires, Tires and Tubes, Tools and Maintenance, Wheelsets and Accessories",22,https://cdn.shopify.com/s/files/1/0923/8062/products/kekks1-1_aeef6e4f-d3fd-4644-a372-e42206df8d25.jpeg?v=1438624940
the-iris,Iris,Pure Fix Cycles,Fixed Gear Bicycle,Fixed Gear Bicycle,"Bicycle, Black, Fixed Gear, Grey, Limited Edition, Pure Fix Cycles",399,https://cdn.shopify.com/s/files/1/0923/8062/products/IRIS_2014_SEAMLESS_SIDE_KENDA_WEB_2048x1365_LIMITEDEDITION.jpeg?v=1438624935
giro-treble-ii-road-shoe,Giro Treble II Road Shoe,Giro,Shoes,Shoes,"Accessories, Apparel, Black, Racing, Shoes, Track",99,https://cdn.shopify.com/s/files/1/0923/8062/products/giro-treble-shoe-web.jpeg?v=1438624924
exustar-clipless-road-pedals,Exustar Clipless Road Pedals,Exustar,Pedals,Pedals,"Black, Clipless Pedals, Parts, Pedals, Pedals and Straps, Upgrades",49.99,https://cdn.shopify.com/s/files/1/0923/8062/products/exustar-pr100pp-pedals-web.jpeg?v=1438624921
sram-s300-165mm-48t-black-crankset-and-bottom-bracket,SRAM S300 165mm 48T Black Crankset and Bottom Bracket,SRAM,Cranks,Cranks,"Black, Cranks, Drivetrain, Parts, Pro, SRAM, Track",156,https://cdn.shopify.com/s/files/1/0923/8062/products/sram-s300-driveside-web_98b7f6d0-bb63-4899-8a70-80b82f67bca8.jpeg?v=1438624919
pure-fix-1940s-softball-jersey,Pure Fix 1940's Softball Jersey,Pure Fix Cycles,Apparel,Apparel,"1940S, Accessories, Apparel, Black, Clothes, Concrete, Grey, Shirt, Shirts",20,https://cdn.shopify.com/s/files/1/0923/8062/products/pure-fix-softball-tee-web-2.jpeg?v=1438624916
the-foxtrot,Foxtrot,Pure Fix Cycles,Fixed Gear Bicycle,Fixed Gear Bicycle,"50cm, 54cm, Bicycle, Bicycles, Bike, Bike MS, Blue, Fixed Gear, Fixie, Light Blue, Orange, Pure Fix Cycles, Urban Fixie, WTB",329,https://cdn.shopify.com/s/files/1/0923/8062/products/FOXTROT_BIKE-MS_2015_SEAMLESS_SIDE_WEB.jpeg?v=1442433528
atmos-helmet,Atmos Helmet,Giro,Helmet,Helmet,"Accessories, Black, Essential, Helmet, Helmets, Safety, Safety Gear",179.99,https://cdn.shopify.com/s/files/1/0923/8062/products/giro-atmos-black-WEB.jpeg?v=1438624896
the-tango,Tango,Pure Fix Cycles,Fixed Gear Bicycle,Fixed Gear Bicycle,"50cm, 54cm, 58cm, Bicycle, Bicycles, Bike, Fixed Gear, Fixie, Grey, Pure Fix Cycles, White, WTB",329,https://cdn.shopify.com/s/files/1/0923/8062/products/TANGO_SIDE_WEB.jpeg?v=1442433860
the-delta,Delta,Pure Fix Cycles,Fixed Gear Bicycle,Fixed Gear Bicycle,"50cm, 54cm, 58cm, Bicycle, Bicycles, Bike, Blue, Fixed Gear, Fixie, Grey, Pure Fix Cycles, Teal",329,https://cdn.shopify.com/s/files/1/0923/8062/products/DELTA_2014_SEAMLESS_SIDE_KENDA_WEB.jpeg?v=1442433471
pro-27-2-seatpost,Pro 27.2 Seatpost,FSA,Seatpost,Seatpost,"Black, FSA, Pro, Saddles and Seatposts, seat post, Seatpost, Seatposts and Clamps, Track",22,https://cdn.shopify.com/s/files/1/0923/8062/products/PureZoom_Black_Side_WEB.jpeg?v=1438624851
flat-top-compact-drops,Flat Top Compact Drops,Cyclone,Handlebars,Handlebars,"Accessories, Bars, Bars and Stems, Bars and Tape, Bars Tape Grips and Stems, Black, Handle Bars, Handlebars, Parts",45,
round-top-compact-drops,Round Top Compact Drops,Cyclone,Handlebars,Handlebars,"Accessories, Bars, Bars and Stems, Bars and Tape, Bars Tape Grips and Stems, Black, Handle Bars, Handlebars, Parts",45,
reverb-helmet,Reverb Helmet,Giro,Helmet,Helmet,"Accessories, Black, Essential, Essentials, Helmet, Helmets, Safety, Safety Gear",60,https://cdn.shopify.com/s/files/1/0923/8062/products/giro-reverb-grey-web.jpeg?v=1438624847
fizik-saddle-pak,Fizik Saddle Pak,Fizik,Bike Accessories,Bike Accessories,"Accessories, Bags, Saddle Bags, Saddles and Seatposts",24.99,https://cdn.shopify.com/s/files/1/0923/8062/products/FIZIK-BAG_SILVER_2014_SEAMLESS_MAIN_WEB.jpeg?v=1438624845
orp-horn-light,Orp Horn + Light,Torcano Industries,Light,Light,"Accessories, Black, Blue, Essential, Essentials, Glow, Lights, Orange, Red, Safety Gear, White",65,https://cdn.shopify.com/s/files/1/0923/8062/products/ORP_BLACK_2014_SEAMLESS_FRONT_WEB.jpeg?v=1438624837
roosevelt,Roosevelt,Pure Fix Cycles,Premium Fixed Gear Bike,Premium Fixed Gear Bike,"4130, 50 cm, 54 cm, 58 cm, Black, CrMo, Pro Series, Pure Fix",450,https://cdn.shopify.com/s/files/1/0923/8062/products/ROOSEVELT_2014_SEAMLESS_SIDE_THICKSLICK_WEB.jpeg?v=1442434570
harding,Harding,Pure Fix Cycles,Premium Fixed Gear Bike,Premium Fixed Gear Bike,"4130, 47 cm, 50 cm, 54 cm, 58 cm, 61 cm, Black, Chrome, CrMo, Pro Series, Pure Fix, Silver",450,https://cdn.shopify.com/s/files/1/0923/8062/products/HARDING_2014_SEAMLESS_SIDE_THICKSLICK_WEB.jpeg?v=1438624806
fizik-tacky-touch-bar-tape,Fizik Tacky Touch Bar Tape,Fizik,Bar Tape,Bar Tape,"Bars and Tape, Bars Tape Grips and Stems, Black, Grips and Tape, Handlebar Tape, Parts, Tape, White",35,https://cdn.shopify.com/s/files/1/0923/8062/products/Fizik-tape-Black-white-WEB.jpeg?v=1438624801
kennedy,Kennedy,Pure Fix Cycles,Premium Fixed Gear Bike,Premium Fixed Gear Bike,"4130, 47 cm, 50 cm, 54 cm, 58 cm, 61 cm, Black, CrMo, Pro Series",450,https://cdn.shopify.com/s/files/1/0923/8062/products/KENNEDY-WITH-WHITE-HUBS_2014_SEAMLESS_SIDE_WEB.jpeg?v=1438624796
pure-fix-pannier-bag,Pure Fix Pannier Bag,Pure Fix Cycles,Bike Rack,Bike Rack,"Accessories, Bags, Baskets and Racks, Panniers",49,https://cdn.shopify.com/s/files/1/0923/8062/products/PannierBag_Olive_Front_3RD_WEB.jpeg?v=1438624789
pure-fix-5-panel-hat,Pure Fix 5 Panel Hat,Pure Fix Cycles,Apparel,Apparel,"Accessories, Apparel, Hats",16,https://cdn.shopify.com/s/files/1/0923/8062/products/PCHat_3RD_Right_Black_WEB.jpeg?v=1438624782
pure-fix-1940s-triblend-tee,Pure Fix 1940's Triblend Tee,Pure Fix Cycles,Apparel,Apparel,"1940S, Accessories, Apparel, Black, Clothes, Concrete, Grey, Shirt, Shirts",20,
brisker-cold-weather-riding-gloves,Brisker Cold Weather Riding Gloves,Brisker,Apparel,Apparel,,16,https://cdn.shopify.com/s/files/1/0923/8062/products/Black-gloves-web.jpeg?v=1438624775
quad-lock-univeral-phone-mount,Quad Lock Universal Phone Mount,Quadlock,Bike Accessories,Bike Accessories,"Accessories, Essentials, Phone, Phone Accessories, Tech",39.95,https://cdn.shopify.com/s/files/1/0923/8062/products/Quadlock_universal_main_WEB.jpeg?v=1438624767
quad-lock-iphone-mount,Quad Lock iPhone Mount,Quadlock,Bike Accessories,Bike Accessories,"Accessories, Essentials, Phone, Phone Accessories, Tech",59.99,https://cdn.shopify.com/s/files/1/0923/8062/products/Quadlock_iPhone5_kit2_WEB.jpeg?v=1438624761
pure-city-swallow-saddle,Pure City Swallow Saddle,Pure Fix Cycles,Saddle,Saddle,"Black, Brown, Honey, Leather, Parts, Pure CIty, Saddle, Saddles, Saddles and Seatposts, Things We Love",90,https://cdn.shopify.com/s/files/1/0923/8062/products/PCDrone_3RD_Tan_WEB.jpeg?v=1438624751
pure-city-vintage-leather-saddle,Pure City Vintage Leather Saddle,Pure Fix Cycles,Saddle,Saddle,"Black, Brown, Honey, Leather, Parts, Pure CIty, Saddle, Saddles, Saddles and Seatposts, Things We Love",90,https://cdn.shopify.com/s/files/1/0923/8062/products/PCLeatherSaddle_3RD_Tan_WEB.jpeg?v=1438624741
pure-city-leather-saddle-bag,Pure City Leather Saddle Bag,Pure Fix Cycles,Saddle,Saddle,"Accessories, Bags, Black, Brown, Honey, Parts, Pure CIty, Saddle Bags, Saddles and Seatposts",59,https://cdn.shopify.com/s/files/1/0923/8062/products/PCSaddleBag_3RD_Brown_WEB.jpeg?v=1438624731
pure-city-leather-bottle-holder,Pure City Leather Bottle Holder,Pure Fix Cycles,Water Bottle Holder,Water Bottle Holder,"Accessories, Black, Bottles and Cages, Brown, Honey, Pure CIty, Saddle, Saddles, Saddles and Seatposts",22,https://cdn.shopify.com/s/files/1/0923/8062/products/PCBottleHolder_3RD_Brown_WEB.jpeg?v=1438624726
pure-fix-grip-set,Pure Fix Grip Set,Pure Fix Cycles,Grips,Grips,"Bars and Tape, Bars Tape Grips and Stems, Black, Blue, Glow, Glow In The Dark, Glow Series, Green, Grey, Grips, Grips and Tape, Orange, Parts, Purple, Red, White, Yellow",12,https://cdn.shopify.com/s/files/1/0923/8062/products/Pure_Fix_Grips_BLACK_3RD_WEB.jpeg?v=1438624719
reynolds-carbon-pro-wheel,Reynolds 66mm Carbon Tubular Pro Wheel,Pure Fix Cycles,Wheelsets,Wheelsets,"700C Wheelsets, Accessories, Wheels, Wheelset, Wheelsets, Wheelsets and Accessories",1100,https://cdn.shopify.com/s/files/1/0923/8062/products/Reynolds_Rim_Black_3RD_WEB.jpeg?v=1438624708
pure-fix-pro-carbon-fork,Pure Fix Pro Carbon Fork,Pure Fix Cycles,Forks,Forks,"Black, Fork, Forks, Framesets, Parts",199,https://cdn.shopify.com/s/files/1/0923/8062/products/Carbon-Fork_Black_Side_upright_05_WEB.jpeg?v=1438624701
pure-city-leather-tape,Pure City Leather Handlebar Tape,Pure City Cycles,Bar Tape,Bar Tape,"Bars and Tape, Bars Tape Grips and Stems, Black, Brown, City Accessories, Essentials, Grips and Tape, Handlebar Tape, Honey, Leather, Parts, Pure City, Things We Love",59,https://cdn.shopify.com/s/files/1/0923/8062/products/PureFixStyle02_Tan_WEB.jpeg?v=1438624694
monkeylight-m204-wheel-light,Monkeylight M204 Wheel Light,Monkeylectric,Light,Light,Lights,26,https://cdn.shopify.com/s/files/1/0923/8062/products/m204-wheel-front-web.jpeg?v=1438624690
hiplok-dlock,Hiplok DLock,Hiplok,Lock,Lock,"Accessories, Essential, Essentials, Hiplok, Lock, Locks, Safety, Safety Gear",84.99,https://cdn.shopify.com/s/files/1/0923/8062/products/Hiplock_RedBlack_Seamless_Side_1.jpeg?v=1438624686
siva-juliet,Siva Juliet,Pure Fix Cycles,Fixed Gear Bicycle,Fixed Gear Bicycle,"43cm, 47cm, 50cm, 54cm, 58cm, 61cm, 64cm, Bicycle, Bicycles, Bike, Black, Fixed Gear, Fixie, Matte Black, Pure Fix Cycles",429,https://cdn.shopify.com/s/files/1/0923/8062/products/Sivia-Atom_Juliet_Side_WEB_f156ff3a-d97f-4aca-adb7-443d1668138d.jpeg?v=1442433245
siva-atom,Siva Atom,Siva Cycles,Bike Accessories,Bike Accessories,"Accessories, Tech, Things We Love, Tools and Maintenance, Wheelsets and Accessories",129,https://cdn.shopify.com/s/files/1/0923/8062/products/siva-unit.jpeg?v=1438624670
park-tool-aws-1-4mm-5mm-6mm-y-wrench,Park Tool AWS-1 4mm 5mm 6mm Y-Wrench,Park Tool,Tools,Tools,"Accessories, Essential, Essentials, Safety Gear, Tool, Tools, Tools and Maintenance, Wrench",9.99,https://cdn.shopify.com/s/files/1/0923/8062/products/aws-1.jpeg?v=1438624660
keirin-pro-head-set,Keirin Pro Headset,Pure Fix Cycles,Head Set,Head Set,"Headset, Headsets, Neco, Parts",30,https://cdn.shopify.com/s/files/1/0923/8062/products/Pro-Headset_Black_Front_WEB.jpeg?v=1438624658
premium-ergo-leather-grip-set,Premium Ergo Leather Grip Set,Pure City Cycles,Grips,Grips,"Bars and Tape, Bars Tape Grips and Stems, Black, Brown, City Accessories, Grips, Grips and Tape, Leather, Parts, Pure City, Things We Love, White",40,https://cdn.shopify.com/s/files/1/0923/8062/products/PC3S_3RD_Brown_WEB.jpeg?v=1438624652
golf-orange-bicycle,Golf,Pure Fix Cycles,Fixed Gear Bicycle,Fixed Gear Bicycle,"50cm, 54cm, 58cm, Bicycle, Bike, Black, Fixed Gear, Fixie, Gray, Grey, Matte Grey, Pure Fix Cycles",329,https://cdn.shopify.com/s/files/1/0923/8062/products/GOLF_2015_SEAMLESS_SIDE_01_WEB.jpeg?v=1442433547
topeak-mini-dual-dxg-hand-pump,Topeak Mini Dual DXG Hand Pump,Topeak,Pumps,Pumps,"Accessories, Essential, Essentials, Presta Valve, Pump, Pumps, Safety Gear, Tool, Tools and Maintenance, Wheelsets and Accessories",20,https://cdn.shopify.com/s/files/1/0923/8062/products/mini-pump-topeak.jpeg?v=1438624636
nano-co2-inflator,Nano CO2 Inflator,Portland Design Works,Pumps,Pumps,"Accessories, Alloy, Essential, Essentials, Pump, Pumps, Safety Gear, Tools and Maintenance, Wheelsets and Accessories",14.99,https://cdn.shopify.com/s/files/1/0923/8062/products/nano-co2-pump.jpeg?v=1438624624
charlie,Charlie,Pure Fix Cycles,Fixed Gear Bicycle,Fixed Gear Bicycle,"50cm, 54cm, 58cm, Bicycle, Bicycles, Bike, Black, College Fixie, Fixed Gear, Fixie, Pure Fix Cycles, Red, Urban Fixie",329,https://cdn.shopify.com/s/files/1/0923/8062/products/CHARLIE_2015_SEAMLESS_SIDE_WEB_bc823b9f-4ec7-40f2-a345-cc41c55e9ec8.jpeg?v=1442433423
pure-fix-premium-water-bottle,Pure Fix Premium Water Bottle,Pure Fix Cycles,Water Bottle,Water Bottle,"Accessories, Black, Bottles and Cages, Water Bottle",9.99,https://cdn.shopify.com/s/files/1/0923/8062/products/WaterBottle_Blue_White_Web_2d43e91f-27ee-425f-8e9f-a2d5e03c2cef.jpeg?v=1438624608
planet-bike-superflash-taillight,SuperFlash Taillight,Planet Bike,Light,Light,"Accessories, Alloy, Black, Essential, Essentials, Light, Lights, Pure Fix Cycles, Safety, Safety Gear",28.99,https://cdn.shopify.com/s/files/1/0923/8062/products/planet-bike-superflash-taillight-WEB.jpeg?v=1438624606
aviator-afterburner,Aviator + Afterburner,Fortified,Light,Light,"Accessories, ess, Essential, Essentials, Lights, Safety, Safety Gear",99,https://cdn.shopify.com/s/files/1/0923/8062/products/track-item_0000_AVAB_Angle.jpeg?v=1438624599
messenger-mini-u-lock,Messenger Mini U-lock,Kryptonite,Lock,Lock,"Accessories, Essential, Essentials, Lock, Locks, Safety, Safety Gear, Tool, Tools and Maintenance",85.95,https://cdn.shopify.com/s/files/1/0923/8062/products/Kryptonite-Messenger-U-Lock-WEB.jpeg?v=1438624594
warranty-item,Warranty Item,Pure Fix Cycles,,,,1,
segment-helmet,Segment Helmet,Giro,Helmet,Helmet,"Accessories, Black, Essential, Essentials, Helmet, Helmets, Safety, Safety Gear",55,https://cdn.shopify.com/s/files/1/0923/8062/products/segment-helmet-WEB.jpeg?v=1438624592
kryptonite-messenger-chain-and-molly-lock,Kryptonite Messenger Chain and Molly Lock,Kryptonite,Lock,Lock,"Accessories, Essential, Essentials, Lock, Locks, Safety, Safety Gear, Tools and Maintenance",76.95,https://cdn.shopify.com/s/files/1/0923/8062/products/Kryptonite-Messenger-Chain-and-Molly-Lock.jpeg?v=1438624590
park-tool-ib-3-multitool,Park Tool IB-3 Multitool,Park Tool,Tools,Tools,"Accessories, Tools",25,https://cdn.shopify.com/s/files/1/0923/8062/products/Park-Tool-IB-3-Multitool-alt.jpeg?v=1438624588
kodiak-mini-usb-power-bank,Kodiak Mini - USB Power Bank,Outdoor Tech,USB Charger,USB Charger,"Accessories, Essentials, Phone Accessories",24.99,https://cdn.shopify.com/s/files/1/0923/8062/products/KODIAK-MINI-CHARGER_WEB_0000_Layer_6.jpeg?v=1438624585
airboy-mini-pump,Airboy Mini Pump,SKS,Pumps,Pumps,"Accessories, Black, Essential, Essentials, Presta Valve, Pump, Pumps, Safety Gear, Tool, Tools and Maintenance, Wheelsets and Accessories, White",25,https://cdn.shopify.com/s/files/1/0923/8062/products/Airboy-closed-web.jpeg?v=1438624578
pure-fix-700c-40mm-wheelset,Pure Fix 700C 40mm Wheelset,Pure Fix Cycles,Wheelsets,Wheelsets,"50mm, 700C Wheelsets, Alloy, Black, Blue, Celeste, Gold, Green, Orange, Pink, Purple, Red, Silver, Wheelsets, Wheelsets and Accessories, White, Yellow",130,https://cdn.shopify.com/s/files/1/0923/8062/products/50mm-Wheels_Celest_Front_WEB_b2dddd1c-aab8-4d90-ad55-9a211769c171.jpeg?v=1438624568
kenda-tube,Kenda Tube,Kenda,Tube,Tube,"City Accessories, Essential, Essentials, FGFS, FGFS Accessories, FGFS Series, Micro, Micro Series, Parts, Presta Valve, Tires and Tubes, Tools and Maintenance, Tube, Tubes, Wheelsets and Accessories",8,https://cdn.shopify.com/s/files/1/0923/8062/products/tube_1_1afd79d1-1eef-4028-ae35-b85e0221afdf.jpeg?v=1438624555
kodiak-usb-power-bank,Kodiak USB Power Bank,Outdoor Tech,USB Charger,USB Charger,"Accessories, Essentials, Phone Accessories",49.95,https://cdn.shopify.com/s/files/1/0923/8062/products/KODIAK-CHARGER_WEB_0004_Layer_1.jpeg?v=1438624552
brooks-slender-leather-grips,Brooks Slender Leather Grips,Brooks,Grips,Grips,"Bars Tape Grips and Stems, Brooks, Grips, Grips and Tape, Leather, Parts",90,https://cdn.shopify.com/s/files/1/0923/8062/products/Slender-leather-grips-honey-web.jpeg?v=1438624549
kryptonite-mini-u-lock,Kryptonite Mini U Lock,Kryptonite,Lock,Lock,"Accessories, Essential, Essentials, Lock, Locks, Safety, Safety Gear, Tools and Maintenance",69,
lands-end-rear-pannier,Brooks Land's End Rear Pannier,Brooks,Pannier,Pannier,,150,https://cdn.shopify.com/s/files/1/0923/8062/products/BROOKS_LANDS_END_PANNIER_0007_Layer_1.jpeg?v=1438624543
acs-crossfire-freewheel,ACS Crossfire Freewheel,ACS,Freewheels,Freewheels,"Drivetrain, Freewheels, Parts",26,https://cdn.shopify.com/s/files/1/0923/8062/products/acs-crossfire-freewheel-web.jpeg?v=1438624538
acs-crossfire-pro-freewheel,ACS Crossfire Pro Freewheel,ACS,Freewheels,Freewheels,"Drivetrain, Freewheels, Parts",60,https://cdn.shopify.com/s/files/1/0923/8062/products/acs-crossfire-PRO-freewheel-web.jpeg?v=1438624537
acs-maindrive-freewheel,ACS MainDrive Freewheel,ACS,Freewheels,Freewheels,"Drivetrain, Freewheels, Parts",10,https://cdn.shopify.com/s/files/1/0923/8062/products/acs-maindrive-web.jpeg?v=1438624534
acs-crossfire-spanner,ACS Crossfire Spanner,ACS,Tools,Tools,"Accessories, Tools",28,https://cdn.shopify.com/s/files/1/0923/8062/products/ACS_CROSSFIRE_SPANNER_SIDE_WEB.jpeg?v=1438624531
acs-maindrive-headset,ACS MainDrive Headset,ACS,Head Set,Head Set,"Black, Blue, Gold, Headsets, Parts, Red",25,https://cdn.shopify.com/s/files/1/0923/8062/products/ACS-HEADSET-WEB_0003_BLACK.jpeg?v=1438624526
park-tool-chain-wear-indicator,Park Tool CC-3.2 Chain Wear Indicator,Park Tool,Tools,Tools,"Accessories, Chain Tool, Essential, Safety Gear, Tools, Tools and Maintenance",9.99,https://cdn.shopify.com/s/files/1/0923/8062/products/CC-3-2-WEB.jpeg?v=1438624522
jon-lock,Jon Lock,Dalman Supply Co.,Locks,Locks,"Accessories, Locks",0,
acs-crossfire-chain,ACS Crossfire Chain,ACS,Chains,Chains,"Chains, Drivetrain, Parts",15,https://cdn.shopify.com/s/files/1/0923/8062/products/ACSchainCut.jpeg?v=1438624520
acs-crossfire-headset,ACS Crossfire Headset,ACS,Headsets,Headsets,"ACS, Headsets, Parts",60,https://cdn.shopify.com/s/files/1/0923/8062/products/ACSCFHeadsetCut.jpeg?v=1438624517
park-tool-single-speed-spanner,Park Tool Single Speed Spanner,Park Tool,Tools,Tools,"Accessories, Tools",19,https://cdn.shopify.com/s/files/1/0923/8062/products/ParkToolSS15.jpeg?v=1438624515
levis-commuter-long-sleeve-tee,Levi's Commuter Long Sleeve Tee,Levi's,Apparel,Apparel,"Accessories, Apparel, Shirts",58,https://cdn.shopify.com/s/files/1/0923/8062/products/levis-shirt.jpeg?v=1438624513
levis-commuter-skinny-jeans,Levi's Commuter Skinny Jeans,Levi's,Apparel,Apparel,"Accessories, Apparel, Pants",88,https://cdn.shopify.com/s/files/1/0923/8062/products/Womens-pants-black-1_WEB.jpeg?v=1438624508
levis-lady-commuter-shorts,Levi's Commuter Shorts,Levi's,Apparel,Apparel,"Accessories, Apparel, Shorts",68,https://cdn.shopify.com/s/files/1/0923/8062/products/Womens-shorts-blue-2_WEB.jpeg?v=1438624502
levis-commuter-511-slim-fit-jeans,Levi's Commuter 511 Slim Fit Jeans,Levi's,Apparel,Apparel,"Accessories, Apparel, Pants",88,https://cdn.shopify.com/s/files/1/0923/8062/products/Men-pants-light-blue-2_WEB.jpeg?v=1438624498
levis-commuter-504-regular-straight-jeans,Levi's Commuter 504 Regular Straight Jeans,Levi's,Apparel,Apparel,"Accessories, Apparel, Pants",88,https://cdn.shopify.com/s/files/1/0923/8062/products/Men-pants-blue-2_WEB.jpeg?v=1438624493
artist-series-no-001,Artist Series: Peter Shire,Pure Fix Cycles,Premium Fixed Gear Bike,Premium Fixed Gear Bike,"4130, 47 cm, 50 cm, 54 cm, 58 cm, 61 cm, Artist Series, Black, CrMo, People for Bikes, Peter Shire, Pro Series, Pure Fix",2000,https://cdn.shopify.com/s/files/1/0923/8062/products/ArtBike_people-for-bikes-3_WEB.jpeg?v=1442436070
pure-fix-starter-kit,Pure Fix Starter Kit,Pure Fix Cycles,,,,119.99,
ding-dong-bell,Ding Dong Bell,Pure Fix Cycles,Bells,Bells,"Bells, Black, Blue, City, City Accessories, Goods, Pure City, Red, Safety Gear, Things We Love",12,https://cdn.shopify.com/s/files/1/0923/8062/products/CITY-BELL_PASTEL_MIXED_SET_WEB.jpeg?v=1438624471
hammer-pull-brass-bell,Hammer Pull Brass Bell,Pure City Cycles,Bells,Bells,"Accessories, Bells",14,https://cdn.shopify.com/s/files/1/0923/8062/products/bellprimary.jpeg?v=1438624465
kryptonite-series-2-mini-7-u-lock,Kryptonite series 2 Mini-7 U-Lock,Kryptonite,Locks,Locks,"Accessories, Locks",39.99,https://cdn.shopify.com/s/files/1/0923/8062/products/bluehuge.jpeg?v=1438624459
crank-bros-candy-1-pedals,Crank Bros Candy 1 Pedals,Crank Bros,Pedals,Pedals,"Clipless Pedals, Parts, Pedals, Upgrades",59.99,https://cdn.shopify.com/s/files/1/0923/8062/products/PEDALS_CRANK-BROS_CANDY_SET_WEB.jpeg?v=1438624451
lezyne-patch-lever-kit,Lezyne Patch/Lever Kit,Pure Fix Cycles,Tools,Tools,"Accessories, Patch Kits, Tire Levers, Tools",8.99,https://cdn.shopify.com/s/files/1/0923/8062/products/LEZYNE_PATCH-TOOL_SET_WEB.jpeg?v=1438624440
fly-6-rear-light-and-hd-camera,Fly 6 Rear Light and HD Camera,Cycliq,Video Recorders,Video Recorders,"Accessories, Lights, Video Recorders",169,https://cdn.shopify.com/s/files/1/0923/8062/products/CYCLIQ-FLY-6_RED_FRONT_WEB.jpeg?v=1438624430
park-tool-tw-1-torque-wrench,Park Tool TW-1 Torque Wrench,Park Tool,Tools,Tools,"Accessories, Tools, Tools and Maintenance",40,https://cdn.shopify.com/s/files/1/0923/8062/products/PARK-TOOL_-TW-1_TORQUE-1_4IN_WEB.jpeg?v=1438624427
dalman-supply-co-rope-locks,Dalman Supply Co. Rope Locks,Dalman Supply Co.,Locks,Locks,"Accessories, Locks",30,https://cdn.shopify.com/s/files/1/0923/8062/products/DALMAN-LOCK_26IN-AND-5IN_SET_WEB.jpeg?v=1438624424
crochet-cycling-gloves,Crochet Cycling Gloves,Cyclone,Gloves,Gloves,"Accessories, Apparel, Gloves",9,https://cdn.shopify.com/s/files/1/0923/8062/products/CYCLONE_MESH-GLOVES_BLACK_LARGE_SET_03_WEB.jpeg?v=1438624418
factory-5-lattice-chainring-49t,Factory 5 Lattice Chainring - 49T,Factory 5,Chainrings,Chainrings,"Chainrings, Drivetrain, Parts",89.99,https://cdn.shopify.com/s/files/1/0923/8062/products/CHAINRING_F5-LATTICE_BLACK-N-SILVER_FRONT_WEB.jpeg?v=1438624415
dzr-mamba,DZR Mamba,DZR,Shoes,Shoes,"Accessories, Apparel, Shoes",120,https://cdn.shopify.com/s/files/1/0923/8062/products/DZR_MAMBA_PAIR_FRONT_WEB.jpeg?v=1438624410
dzr-mechanic,DZR Mechanic,DZR,Shoes,Shoes,"Accessories, Apparel, Shoes",99,https://cdn.shopify.com/s/files/1/0923/8062/products/DZR_MECHANIC_PAIR_FRONT_WEB.jpeg?v=1438624407
dzr-minna,DZR Minna,DZR,Shoes,Shoes,"Accessories, Apparel, Shoes",105,https://cdn.shopify.com/s/files/1/0923/8062/products/DZR_MINNA_PAIR_FRONT_WEB.jpeg?v=1438624403
